mean_fit_time,std_fit_time,mean_score_time,std_score_time,param_n_components,params,split0_test_score,split1_test_score,split2_test_score,mean_test_score,std_test_score,rank_test_score
0.004003206888834636,0.000663916317503902,0.002060969670613607,0.0010382232494695182,2,{'n_components': 2},,,,,,1
0.004742940266927083,0.0008652382107543597,0.0023902257283528647,0.0010518463230963565,3,{'n_components': 3},,,,,,1
0.004358609517415364,0.0009448813616382254,0.001434008280436198,0.0001874320178420783,5,{'n_components': 5},,,,,,1
0.0033933321634928384,0.0004104320883409928,0.0013758341471354167,4.700589557282192e-05,7,{'n_components': 7},,,,,,1
0.0027597745259602866,0.0005087755029117129,0.0011280377705891926,6.147604556451675e-05,9,{'n_components': 9},,,,,,1
0.00429685910542806,0.0006530604283685946,0.0018881162007649739,0.00026603755529837955,9,{'n_components': 9},,,,,,1
