mean_fit_time,std_fit_time,mean_score_time,std_score_time,param_n_components,params,split0_test_score,split1_test_score,split2_test_score,mean_test_score,std_test_score,rank_test_score
0.003623803456624349,0.0006294288518739372,0.0021753311157226562,0.001145324853964975,2,{'n_components': 2},,,,,,1
0.0032161871592203775,0.00021966631951677557,0.0014240741729736328,0.00015520335326046832,3,{'n_components': 3},,,,,,1
0.0032584667205810547,0.0008348089826247708,0.001399993896484375,0.0004189140404414017,5,{'n_components': 5},,,,,,1
0.0032259623209635415,0.000744008095862325,0.001246054967244466,0.00014058373749743414,7,{'n_components': 7},,,,,,1
0.003305673599243164,0.001056363624652305,0.001121838887532552,0.0002550492214292696,9,{'n_components': 9},,,,,,1
0.003069162368774414,0.0005575589624330438,0.0013794898986816406,0.00016159797189404257,10,{'n_components': 10},,,,,,1
